Stno;Chip;Database Id;Surname;First name;YB;S;Block;nc;Start;Finish;Time;Classifier;Club no.;Cl.name;City;Nat;Cl. no.;Short;Long;Num1;Num2;Num3;Text1;Text2;Text3;Adr. name;Street;Line2;Zip;City;Phone;Fax;EMail;Id/Club;Rented;Start fee;Paid;Course no.;Course;km;m;Course controls;Pl;Start punch;Finish punch;Control1;Punch1;Control2;Punch2;Control3;Punch3;Control4;Punch4;Control5;Punch5;Control6;Punch6;Control7;Punch7;Control8;Punch8;Control9;Punch9;Control10;Punch10;(may be more) ...
2;12634;;Bengtsson;Gabriel;;;;0;9:16:22;9:28:43;0:12:21;0;;;Stigmännen;;1;Lätt;Lätt;;;;;;;;;;;;;;;;;;;1;Lätt;1.7;;8;1;9:16:22;9:28:43;101;0:00:35;102;0:02:38;103;0:04:17;104;0:06:05;105;0:06:32;106;0:07:44;107;0:09:01;108;0:10:43;
4;960901;;Wahlbom;Theodor;;;;0;9:20:36;9:33:17;0:12:41;0;;;OK Orion;;1;Lätt;Lätt;;;;;;;;;;;;;;;;;;;1;Lätt;1.7;;8;2;9:20:36;9:33:17;101;0:00:38;102;0:02:54;103;0:04:34;104;0:06:21;105;0:06:51;106;0:08:10;107;0:09:13;108;0:10:59;
1;440950;;Wilhelmsson;Putte;;;;0;9:10:41;9:23:35;0:12:54;0;;;OK Dacke;;1;Lätt;Lätt;;;;;;;;;;;;;;;;;;;1;Lätt;1.7;;8;3;9:10:41;9:23:35;101;0:00:37;102;0:02:46;103;0:04:24;104;0:06:07;105;0:06:35;106;0:08:07;107;0:09:18;108;0:11:07;
7;703838;;Myrefelt;Sonny;;;;0;9:22:29;9:36:18;0:13:49;0;;;Kalmar OK;;1;Lätt;Lätt;;;;;;;;;;;;;;;;;;;1;Lätt;1.7;;8;4;9:22:29;9:36:18;101;0:00:42;102;0:03:00;103;0:04:44;104;0:06:32;105;0:07:06;106;0:08:33;107;0:09:53;108;0:11:47;
3;440935;;Andersson;Mikael;;;;0;9:14:50;9:29:28;0:14:38;0;;;Carbon8;;1;Lätt;Lätt;;;;;;;;;;;;;;;;;;;1;Lätt;1.7;;8;5;9:14:50;9:29:28;101;0:01:28;102;0:03:28;103;0:04:57;104;0:06:40;105;0:07:14;106;0:08:40;107;0:11:01;108;0:12:57;
9;440943;;Sjölander;Torbjörn;;;;0;9:23:22;9:41:30;0:18:08;0;;;Klubblös;;1;Lätt;Lätt;;;;;;;;;;;;;;;;;;;1;Lätt;1.7;;8;6;9:23:22;9:41:30;101;0:00:48;102;0:03:41;103;0:05:44;104;0:08:13;105;0:08:54;106;0:11:32;107;0:13:02;108;0:15:32;
5;440930;;Rosen;Andreas;;;;0;9:15:26;9:34:20;0:18:54;0;;;Klubblös;;1;Lätt;Lätt;;;;;;;;;;;;;;;;;;;1;Lätt;1.7;;8;7;9:15:26;9:34:20;101;0:00:58;102;0:03:07;103;0:04:59;104;0:08:10;105;0:08:44;106;0:12:19;107;0:14:07;108;0:16:40;
8;632800;;Wahlbom;Ellen;;;;0;9:20:02;9:41:25;0:21:23;0;;;OK Orion;;1;Lätt;Lätt;;;;;;;;;;;;;;;;;;;1;Lätt;1.7;;8;8;9:20:02;9:41:25;101;0:01:05;102;0:05:03;103;0:07:45;104;0:10:36;105;0:11:32;106;0:13:56;107;0:16:02;108;0:18:48;
6;1210100;;Lindahl;David;;;;0;9:27:07;9:36:16;0:09:09;3;;;Kalmar OK;;1;Lätt;Lätt;;;;;;;;;;;;;;;;;;;1;Lätt;1.7;;8;;9:27:07;9:36:16;101;0:00:42;102;0:03:00;103;0:04:48;104;0:07:59;105;0:08:34;106;-----;107;-----;108;-----;
13;440928;;Gustavsson;Gert;;;;0;9:30:13;9:47:51;0:17:38;3;;;Team Blekinge;;1;Lätt;Lätt;;;;;;;;;;;;;;;;;;;1;Lätt;1.7;;8;;9:30:13;9:47:51;101;0:00:45;102;-----;103;0:05:14;104;0:07:41;105;0:08:22;106;0:10:57;107;0:13:20;108;0:15:38;
12;440935;;Andersson;Mikael;;;;0;9:34:11;9:47:16;0:13:05;0;;;Carbon8;;2;Tyngre;Tyngre;;;;;;;;;;;;;;;;;;;2;Tyngre;1.9;;8;1;9:34:11;9:47:16;103;0:02:30;102;0:04:10;101;0:05:55;108;0:07:40;107;0:09:37;106;0:10:23;105;0:11:35;104;0:12:12;
11;12634;;Bengtsson;Gabriel;;;;0;9:32:50;9:46:07;0:13:17;0;;;Stigmännen;;2;Tyngre;Tyngre;;;;;;;;;;;;;;;;;;;2;Tyngre;1.9;;8;2;9:32:50;9:46:07;103;0:02:38;102;0:04:25;101;0:06:11;108;0:08:00;107;0:09:46;106;0:10:25;105;0:11:45;104;0:12:19;
10;440950;;Wilhelmsson;Putte;;;;0;9:29:57;9:43:58;0:14:01;0;;;OK Dacke;;2;Tyngre;Tyngre;;;;;;;;;;;;;;;;;;;2;Tyngre;1.9;;8;3;9:29:57;9:43:58;103;0:02:49;102;0:04:42;101;0:06:34;108;0:08:37;107;0:10:29;106;0:11:08;105;0:12:32;104;0:13:04;
16;960901;;Wahlbom;Theodor;;;;0;9:43:06;9:57:26;0:14:20;0;;;OK Orion;;2;Tyngre;Tyngre;;;;;;;;;;;;;;;;;;;2;Tyngre;1.9;;8;4;9:43:06;9:57:26;103;0:02:40;102;0:04:33;101;0:06:29;108;0:08:29;107;0:10:25;106;0:11:10;105;0:12:47;104;0:13:24;
17;1210100;;Lindahl;David;;;;0;9:42:38;9:57:53;0:15:15;0;;;Kalmar OK;;2;Tyngre;Tyngre;;;;;;;;;;;;;;;;;;;2;Tyngre;1.9;;8;5;9:42:38;9:57:53;103;0:03:01;102;0:04:54;101;0:06:47;108;0:09:02;107;0:10:56;106;0:11:48;105;0:13:33;104;0:14:11;
15;703838;;Myrefelt;Sonny;;;;0;9:39:01;9:54:57;0:15:56;0;;;Kalmar OK;;2;Tyngre;Tyngre;;;;;;;;;;;;;;;;;;;2;Tyngre;1.9;;8;6;9:39:01;9:54:57;103;0:03:12;102;0:05:16;101;0:07:19;108;0:09:49;107;0:11:48;106;0:12:33;105;0:14:16;104;0:14:53;
14;249297;;Wahlbom;Mikael;;;;0;9:32:04;9:48:21;0:16:17;0;;;OK Orion;;2;Tyngre;Tyngre;;;;;;;;;;;;;;;;;;;2;Tyngre;1.9;;8;7;9:32:04;9:48:21;103;0:03:04;102;0:05:16;101;0:07:35;108;0:09:58;107;0:12:06;106;0:12:51;105;0:14:37;104;0:15:15;
23;440928;;Gustavsson;Gert;;;;0;9:56:42;10:14:32;0:17:50;0;;;Team Blekinge;;2;Tyngre;Tyngre;;;;;;;;;;;;;;;;;;;2;Tyngre;1.9;;8;8;9:56:42;10:14:32;103;0:03:10;102;0:05:09;101;0:07:22;108;0:10:01;107;0:12:23;106;0:13:21;105;0:15:52;104;0:16:52;
18;440930;;Rosen;Andreas;;;;0;9:41:20;10:03:09;0:21:49;0;;;Klubblös;;2;Tyngre;Tyngre;;;;;;;;;;;;;;;;;;;2;Tyngre;1.9;;8;9;9:41:20;10:03:09;103;0:04:15;102;0:06:16;101;0:08:09;108;0:10:11;107;0:16:39;106;0:17:35;105;0:19:40;104;0:20:28;
19;440943;;Sjölander;Torbjörn;;;;0;9:46:33;10:09:38;0:23:05;0;;;Klubblös;;2;Tyngre;Tyngre;;;;;;;;;;;;;;;;;;;2;Tyngre;1.9;;8;10;9:46:33;10:09:38;103;0:04:01;102;0:06:22;101;0:10:24;108;0:15:35;107;0:17:48;106;0:18:41;105;0:21:00;104;0:21:51;
21;632800;;Wahlbom;Ellen;;;;0;9:48:04;10:11:53;0:23:49;0;;;OK Orion;;2;Tyngre;Tyngre;;;;;;;;;;;;;;;;;;;2;Tyngre;1.9;;8;11;9:48:04;10:11:53;103;0:05:02;102;0:08:16;101;0:11:26;108;0:14:48;107;0:17:32;106;0:18:55;105;0:21:44;104;0:22:29;
24;440935;;Andersson;Mikael;;;;0;9:55:00;10:14:58;0:19:58;0;;;Carbon8;;3;Rolig;Rolig;;;;;;;;;;;;;;;;;;;3;Rolig;3.1;;11;1;9:55:00;10:14:58;101;0:00:45;102;0:02:45;111;0:04:58;110;0:07:24;109;0:08:31;103;0:12:04;104;0:13:43;106;0:15:34;107;0:16:41;108;0:18:15;105;0:19:29;
22;12634;;Bengtsson;Gabriel;;;;0;9:52:33;10:13:26;0:20:53;0;;;Stigmännen;;3;Rolig;Rolig;;;;;;;;;;;;;;;;;;;3;Rolig;3.1;;11;2;9:52:33;10:13:26;101;0:00:35;102;0:02:43;111;0:05:38;110;0:08:19;109;0:09:31;103;0:12:43;104;0:14:25;106;0:15:55;107;0:17:07;108;0:18:53;105;0:20:20;
28;960901;;Wahlbom;Theodor;;;;0;10:04:26;10:25:19;0:20:53;0;;;OK Orion;;3;Rolig;Rolig;;;;;;;;;;;;;;;;;;;3;Rolig;3.1;;11;3;10:04:26;10:25:19;101;0:00:35;102;0:02:45;111;0:05:19;110;0:08:08;109;0:09:15;103;0:12:40;104;0:14:27;106;0:16:12;107;0:17:20;108;0:19:01;105;0:20:23;
20;440950;;Wilhelmsson;Putte;;;;0;9:49:28;10:10:28;0:21:00;0;;;OK Dacke;;3;Rolig;Rolig;;;;;;;;;;;;;;;;;;;3;Rolig;3.1;;11;4;9:49:28;10:10:28;101;0:00:38;102;0:02:58;111;0:05:34;110;0:08:15;109;0:09:18;103;0:12:44;104;0:14:27;106;0:16:03;107;0:17:16;108;0:19:03;105;0:20:30;
30;681010;;Jacobsson;Johan;;;;0;10:18:26;10:40:29;0:22:03;0;;;OK Orion;;3;Rolig;Rolig;;;;;;;;;;;;;;;;;;;3;Rolig;3.1;;11;5;10:18:26;10:40:29;101;0:00:38;102;0:02:55;111;0:05:29;110;0:08:18;109;0:09:21;103;0:12:53;104;0:14:40;106;0:17:00;107;0:18:31;108;0:20:14;105;0:21:32;
26;703838;;Myrefelt;Sonny;;;;0;9:58:35;10:22:33;0:23:58;0;;;Kalmar OK;;3;Rolig;Rolig;;;;;;;;;;;;;;;;;;;3;Rolig;3.1;;11;6;9:58:35;10:22:33;101;0:00:44;102;0:03:22;111;0:06:28;110;0:09:27;109;0:10:47;103;0:14:36;104;0:16:36;106;0:18:15;107;0:19:47;108;0:21:50;105;0:23:25;
29;440930;;Rosen;Andreas;;;;0;10:07:43;10:33:26;0:25:43;0;;;Klubblös;;3;Rolig;Rolig;;;;;;;;;;;;;;;;;;;3;Rolig;3.1;;11;7;10:07:43;10:33:26;101;0:00:42;102;0:03:13;111;0:06:20;110;0:09:38;109;0:10:56;103;0:14:44;104;0:17:04;106;0:20:20;107;0:21:45;108;0:23:46;105;0:25:14;
25;249297;;Wahlbom;Mikael;;;;0;9:54:32;10:21:20;0:26:48;0;;;OK Orion;;3;Rolig;Rolig;;;;;;;;;;;;;;;;;;;3;Rolig;3.1;;11;8;9:54:32;10:21:20;101;0:00:42;102;0:03:36;111;0:06:57;110;0:10:51;109;0:12:11;103;0:16:43;104;0:18:54;106;0:20:38;107;0:22:29;108;0:24:35;105;0:26:12;
34;440943;;Sjölander;Torbjörn;;;;0;10:19:14;10:54:56;0:35:42;0;;;Klubblös;;3;Rolig;Rolig;;;;;;;;;;;;;;;;;;;3;Rolig;3.1;;11;9;10:19:14;10:54:56;101;0:00:48;102;0:03:39;111;0:06:51;110;0:10:22;109;0:13:09;103;0:23:05;104;0:25:21;106;0:27:47;107;0:29:27;108;0:31:37;105;0:35:03;
27;1210100;;Lindahl;David;;;;0;10:00:39;10:25:07;0:24:28;3;;;Kalmar OK;;3;Rolig;Rolig;;;;;;;;;;;;;;;;;;;3;Rolig;3.1;;11;;10:00:39;10:25:07;101;0:00:39;102;-----;111;0:05:38;110;0:10:54;109;0:12:11;103;0:16:22;104;0:18:10;106;0:19:55;107;0:21:03;108;0:22:50;105;0:23:57;
31;440928;;Gustavsson;Gert;;;;0;10:17:45;10:47:29;0:29:44;3;;;Team Blekinge;;3;Rolig;Rolig;;;;;;;;;;;;;;;;;;;3;Rolig;3.1;;11;;10:17:45;10:47:29;101;0:00:40;102;0:03:04;111;0:07:44;110;0:10:48;109;0:12:33;103;-----;104;0:25:30;106;-----;107;-----;108;-----;105;0:29:06;
32;440935;;Andersson;Mikael;;;;0;10:21:19;10:47:42;0:26:23;0;;;Carbon8;;4;Lång;Lång;;;;;;;;;;;;;;;;;;;4;Lång;4.2;;10;1;10:21:19;10:47:42;104;0:01:42;115;0:04:14;114;0:07:41;109;0:10:11;101;0:11:55;105;0:13:48;108;0:15:32;102;0:18:08;110;0:20:24;107;0:24:43;
37;960901;;Wahlbom;Theodor;;;;0;10:35:52;11:06:07;0:30:15;0;;;OK Orion;;4;Lång;Lång;;;;;;;;;;;;;;;;;;;4;Lång;4.2;;10;2;10:35:52;11:06:07;104;0:01:46;115;0:04:42;114;0:08:41;109;0:11:25;101;0:13:33;105;0:15:40;108;0:17:27;102;0:20:40;110;0:23:05;107;0:28:20;
33;12634;;Bengtsson;Gabriel;;;;0;10:19:33;10:49:49;0:30:16;0;;;Stigmännen;;4;Lång;Lång;;;;;;;;;;;;;;;;;;;4;Lång;4.2;;10;3;10:19:33;10:49:49;104;0:01:50;115;0:04:41;114;0:08:32;109;0:11:25;101;0:13:37;105;0:15:45;108;0:17:31;102;0:20:49;110;0:23:09;107;0:28:19;
39;681010;;Jacobsson;Johan;;;;0;10:57:28;11:27:46;0:30:18;0;;;OK Orion;;4;Lång;Lång;;;;;;;;;;;;;;;;;;;4;Lång;4.2;;10;4;10:57:28;11:27:46;104;0:01:55;115;0:04:49;114;0:08:53;109;0:11:28;101;0:13:48;105;0:15:56;108;0:18:17;102;0:21:34;110;0:23:51;107;0:28:37;
38;440930;;Rosen;Andreas;;;;0;10:41:43;11:13:51;0:32:08;0;;;Klubblös;;4;Lång;Lång;;;;;;;;;;;;;;;;;;;4;Lång;4.2;;10;5;10:41:43;11:13:51;104;0:01:49;115;0:04:54;114;0:08:52;109;0:11:49;101;0:14:20;105;0:17:43;108;0:19:42;102;0:22:55;110;0:25:32;107;0:30:40;
36;1210100;;Lindahl;David;;;;0;10:30:20;11:02:50;0:32:30;0;;;Kalmar OK;;4;Lång;Lång;;;;;;;;;;;;;;;;;;;4;Lång;4.2;;10;6;10:30:20;11:02:50;104;0:02:08;115;0:05:17;114;0:09:30;109;0:12:26;101;0:15:47;105;0:17:59;108;0:20:14;102;0:23:43;110;0:25:55;107;0:30:46;
35;703838;;Myrefelt;Sonny;;;;0;10:25:44;11:02:25;0:36:41;0;;;Kalmar OK;;4;Lång;Lång;;;;;;;;;;;;;;;;;;;4;Lång;4.2;;10;7;10:25:44;11:02:25;104;0:02:14;115;0:07:22;114;0:12:04;109;0:15:09;101;0:17:30;105;0:20:47;108;0:22:48;102;0:26:28;110;0:29:01;107;0:34:41;
41;440943;;Sjölander;Torbjörn;;;;0;11:03:41;11:45:22;0:41:41;0;;;Klubblös;;4;Lång;Lång;;;;;;;;;;;;;;;;;;;4;Lång;4.2;;10;8;11:03:41;11:45:22;104;0:02:25;115;0:06:05;114;0:11:34;109;0:15:24;101;0:17:59;105;0:20:34;108;0:23:39;102;0:27:53;110;0:30:48;107;0:39:08;
40;440935;;Andersson;Mikael;;;;0;10:53:03;;;2;;;Carbon8;;5;Längre;Längre;;;;;;;;;;;;;;;;;;;5;Längre;6.5;;10;;10:53:03;;106;0:02:25;114;0:11:56;103;0:15:59;107;0:16:58;110;0:22:43;112;0:26:10;105;0:31:06;111;0:37:26;101;0:42:04;103;0:44:29;
43;1210100;;Lindahl;David;;;;0;11:08:03;12:11:40;1:03:37;0;;;Kalmar OK;;6;Längst;Längst;;;;;;;;;;;;;;;;;;;6;Längst;7.6;;13;1;11:08:03;12:11:40;106;0:02:45;114;0:10:30;103;0:15:30;101;0:18:16;111;0:24:19;105;0:30:28;112;0:38:07;110;0:42:47;107;0:48:12;115;0:50:42;109;0:53:30;104;0:59:03;113;1:01:01;
42;12634;;Bengtsson;Gabriel;;;;0;10:55:46;11:59:37;1:03:51;0;;;Stigmännen;;6;Längst;Längst;;;;;;;;;;;;;;;;;;;6;Längst;7.6;;13;2;10:55:46;11:59:37;106;0:02:34;114;0:09:49;103;0:15:11;101;0:17:53;111;0:24:10;105;0:31:18;112;0:37:15;110;0:41:27;107;0:47:21;115;0:49:50;109;0:52:59;104;0:58:37;113;1:00:54;

